1,Kent Bazemore,1989-07-01,North Carolina,196,91,Old Domion University,2012-11-09,2
2,Tim Hardaway,1992-03-16,Florida,198,92,University of Michigan,2013-10-30,1
3,Kirk Hinrich,1981-01-02,Iowa,193,86,University of Kansas,2003-11-07,1
4,Justin Holiday,1989-04-05,California,198,83,University of Washington,2003-04-03,1
5,Al Horford,1986-06-03,Michigan,208,111,Univesity of Florida,2007-11-02,1
6,Kris Humphries,1985-02-06,Minnesota,206,106,University of Minnestoa,2004-11-03,1
7,Kyle Korver,1981-03-17,California,201,96,Creighton University,2003-10-28,1
8,Shelvin Mack,1990-07-01,Kentucky,190,92,Butler University,2011-12-26,1
9,Paul Millsap,1985-02-10,Louisiana,203,111,Louisiana Tech University,2005-11-01,1
10,Mike Muscala,1991-07-01,Minnesota,211,108,Bucknell University,2014-03-02,1
11,Lamar Patterson,1991-08-12,Pennsylvania,196,102,University of Pittsburgh,2015-10-27,1
12,Dennis Schroder,1993-09-15,Germany,185,78,,2013-10-30,1
13,Mike Scott,1988-07-16,Virginia,203,107,University of Virginia,2012-11-11,1
14,Thabo Sefolosha,1984-05-02,Switzerland,201,99,,2006-10-31,1
15,Tiago Splitter,1985-01-01,Brazil,211,111,,2010-11-01,1
16,Walter Tavares,1992-03-22,Cape Verde,221,117,,2015-10-29,1
17,Jeff Teague,1988-06-10,Indiana,188,84,Wake Forest University,2009-10-28,1
18,Avery Bradley,1990-11-26,Washington,188,81,University of Texas at Austin,2010-11-22,1
19,Coty Clarke,1002-07-04,Tennessee,201,105,University of Arkansas,2016-03-15,1
20,Jae Crowder,1990-07-06,Georgia,198,106,Marquette University,2012-10-30,1
21,R.J. Hunter,1993-10-24,Ohio,196,83,Georgia State University,2015-11-04,1
22,Jonas Jerebko,1993-10-24,Sweden,208,104,,2009-10-31,1
23,Amir Johnson,1987-03-02,California,206,108,,2006-01-24,1
24,David Lee,1987-05-01,Missouri,206,111,University of Florida,2005-11-06,2
25,Jordan Mickey,1983-04-29,Texas,203,106,Louisiana State University,2015-10-28,1
26,Kelly Olynyk,1994-07-09,Canada,213,107,Gonzaga University,2013-10-30,1
27,Terry Rozier,1991-04-19,Ohio,188,86,University of Louisville,2015-10-28,1
28,Marcus Smart,1994-03-17,Texas,193,99,Oklahoma State University,2014-10-29,1
29,Jared Sullinger,1994-03-06,Ohio,206,117,Ohio State University,2012-10-30,1
30,Isaiah Thomas,1992-03-04,Connecticut,175,83,University of Washington,2011-12-26,2
31,Evan Turner,1988-10-27,Illinois,201,99,Ohio State University,2010-10-27,1
32,James Young,1995-08-16,Michigan,198,97,University of Kentucky,2014-11-01,2
33,Tyler Zeller,1990-01-17,California,214,114,University of North Carolina,2013-10-30,1
34,Andrea Bargnani,1985-10-26,Italy,213,111,,2006-11-01,1
35,Bojan Bogdanovic,1989-04-18,Bosnia and Heregovina,203,96,,2014-10-29,1
36,Markel Brown,1992-01-29,Louisiana,190,86,Oklahoma State University,2014-11-22,1
37,Wayne Ellington,1987-10-29,Pennsylvania,193,90,University of North Carolina,2009-10-28,1
38,Rondae Hollis-Jefferson,1995-01-03,Pennsylvania,201,99,University of Arizona,2015-10-28,2
39,Jarrett Jack,1983-10-28,Maryland,190,90,Georgia Institute of Technology,2005-11-02,1
40,Joe Johnson,1981-06-29,Arkansas,201,108,University of Arkansas,2001-10-30,1
41,Sergey Karasev,1993-10-26,Russia,201,94,,2013-11-02,2
42,Sean Kilpatrick,1990-01-06,New York,193,95,University of Cincinnati,2015-03-19,1
43,Shane Larkin,1992-10-02,Ohio,180,79,University of Miami,2013-11-18,1
44,Brook Lopez,1988-04-01,California,213,124,Stanford University,2008-10-29,1
45,Chris McCullough,1995-02-05,New York,211,90,Syracuse University,2016-02-08,1
46,Willie Reed,1990-05-16,Missouri,209,99,Saint Louis University,2015-12-04,1
47,Thomas Robinson,1991-03-17,District of Columbia,208,107,University of Kansas,2012-10-31,1
48,Henry Sims,1990-03-27,Maryland,208,112,Georgetown University,2013-03-04,1
49,Donald Sloan,1988-01-25,Louisiana,190,92,Texas A&M University,2012-01-11,1
50,Thaddeus Young,1988-06-21,Louisiana,203,100,Georgia Institute of Technology,2007-11-07,2
51,Nicolas Batum,1988-12-14,France,203,90,,2007-10-28,1
52,Troy Daniels,1991-07-15,Virginia,193,92,Virginia Commonwealth University,2014-03-05,1
53,Jorge Gutierrez,1988-12-27,Nevada,190,86,University of California,2014-03-09,1
54,P.J. Hairston,1992-12-24,Virginia,198,104,University of North Carolina,2014-11-04,1
55,Tyler Hansbrough,1985-11-03,Missouri,206,113,University of North Carolina,2009-11-06,1
56,Aaron Harrison,1994-10-28,Texas,198,95,University of Kentucky,2015-11-20,1
57,Spencer Hawes,1988-04-28,Washington,216,111,University of Washington,2007-11-10,1
58,Al Jefferson,1985-01-04,Mississippi,208,131,,2004-11-03,1
59,Frank Kaminsky,1993-04-04,Illinois,213,109,University of Wisconsin,2015-10-28,1
60,Michael Kidd-Gilchrist,1993-09-26,Pennsylvania,201,105,University of Kentucky,2012-11-02,1
61,Jeremy Lamb,1992-05-30,Virginia,196,83,University of Connecticut,2012-11-02,1
62,Courtney Lee,1985-10-03,Indiana,196,90,Western Kentucky University,2008-11-03,1
63,Jeremy Lin,1988-08-23,California,190,90,Harvard University,2010-10-29,1
64,Brian Roberts,1985-12-03,Ohio,185,78,University of Dayton,2012-10-31,1
65,Kemba Walker,1990-05-08,New York,185,78,University of Connecticut,2011-12-26,1
66,Marvin Williams,1986-06-19,Washington,206,107,University of North Carolina,2005-11-02,1
67,Cody Zeller,1992-10-05,Indiana,213,108,Indiana University,2013-10-30,1
68,Cameron Bairstow,1990-12-07,Australia,206,113,University of New Mexico,2014-10-29,1
69,Aaron Brooks,1985-01-14,Washington,183,73,University of Oregon,2007-11-17,1
70,Jimmy Butler,1989-11-14,Texas,201,99,Marquette University,2012-01-01,1
71,Mike Dunleavy,1980-11-15,Texas,206,104,Duke University,2002-10-30,1
72,Cristiano Felicio,1992-07-07,Brazil,208,124,,2015-11-09,1
73,Pau Gasol,1980-07-06,Spain,213,113,,2001-11-01,1
74,Taj Gibson,1985-06-24,New York,206,102,University of Southern California,2009-10-29,1
75,Doug McDermott,1992-01-03,North Dakota,203,102,Creighton University,2014-10-29,1
76,Nikola Mirotic,1991-02-11,Montenegro,208,99,,2014-10-29,1
77,E'Twaun Moore,1989-02-28,Indiana,193,86,Purdue University,2011-12-25,1
78,Joakim Noah,1985-02-25,New York,211,104,University of Florida,2007-11-06,1
79,Bobby Portis,1995-02-10,Arkansas,211,104,University of Arkansas,2015-11-03,1
80,Derrick Rose,1988-10-04,Illinois,190,86,University of Memphis,2008-10-28,1
81,Tony Snell,1991-11-10,California,201,90,University of New Mexico,2013-10-29,1
82,Jared Cunningham,1991-05-22,California,193,88,Oregon State University,2012-10-31,1
83,Matthew Dellavedova,1990-09-08,Australia,193,89,Saint Mary's College of California,2013-11-02,1
84,Channing Frye,1983-05-17,New York,211,115,University of Arizona,2005-11-04,1
85,Joe Harris,1991-09-07,Washington,198,99,University of Virginia,2014-10-31,1
86,Kyrie Irving,1992-03-23,Australia,190,87,Duke University,2011-12-26,1
87,LeBron James,1984-12-30,Ohio,203,113,,2003-10-29,1
88,Richard Jefferson,1980-06-21,California,201,105,University of Arizona,2001-10-30,1
89,Dahntay Jones,1980-12-27,New Jersey,198,102,Duke University,2003-11-21,1
90,James Jones,1980-10-04,Florida,203,98,University of Miami,2003-12-26,1
91,Sasha Kaun,1085-05-08,Russia,211,117,University of Kansas,2015-10-28,1
92,Kevin Love,1988-09-07,Oregon,208,113,University of California Los Angeles,2008-10-29,1
93,Jordan McRae,1991-03-28,Georgia,198,83,University of Tennessee,2016-01-29,1
94,Timofey Mozgov,1986-07-16,Russia,216,124,,2010-10-27,1
95,Iman Shumpert,1990-06-26,Illinois,196,99,Georgia Institute of Technology,2011-12-25,1
96,J.R. Smith,1985-09-09,New Jersey,198,102,,2004-11-03,1
97,Tristan Thompson,1991-03-13,Canada,206,107,University of Texas at Austin,2011-12-26,3
98,Anderson Varejao,1982-09-28,Brazil,208,123,,2004-11-04,1
99,Mo Williams,1982-12-19,Mississippi,185,89,University of Alabama,2003-11-01,1
100,Justin Anderson,1993-11-19,Virginia,198,103,University of Virginia,2015-10-28,2
101,J.J. Barea,1984-06-26,Puerto Rico,183,83,Northeastern University,2006-11-04,1
102,Jeremy Evans,1987-10-24,Arkansas,206,90,Western Kentucky University,2010-10-27,1
103,Raymond Felton,1984-06-26,South Carolina,185,92,University of North Carolina,2005-11-02,1
104,Devin Harris,1983-02-27,Wisconsin,190,87,University of Wisconsin,2004-11-02,1
105,John Jenkins,1991-03-06,Tennessee,193,97,Vanderbilt University,2012-11-11,1
106,Wesley Matthews,1986-10-14,Texas,196,99,Marquette University,2009-10-28,1
107,JaVale McGee,1988-01-19,Michigan,213,122,University of Nevada Reno,2008-10-29,1
108,Salah Mejri,1986-06-15,Tunisia,216,111,,2015-10-28,1
109,Dirk Nowitzki,1978-06-19,Germany,213,111,,1999-02-05,1
110,Zaza Pachulia,1987-11-10,Georgia,211,122,,2003-11-05,1
111,Chandler Parsons,1988-10-25,Florida,208,104,University of Florida,2011-12-29,1
112,Dwight Powell,1991-07-20,Canada,211,108,Stanford University,2014-11-14,1
113,Charlie Villanueva,1984-08-24,New York,211,105,University of Connecticut,2005-11-02,1
114,Deron Williams,1984-06-26,West Virginia,190,90,University of Illinois at Urbana-Champaign,2005-11-02,1
115,Darrell Arthur,1988-03-25,Texas,206,106,University of Kansas,2008-10-29,1
116,D.J. Augustin,1987-11-10,Maryland,198,79,University of Texas at Austin,2012-11-02,1
117,Will Barton,1991-01-06,New Jersey,203,103,University of Memphis,2011-12-28,1
118,Kenneth Faried,1989-11-19,New Jersey,193,96,Morehead State University,2006-11-01,1
119,Randy Foye,1983-10-24,New Jersey,193,96,Villanova University,2006-11-01,1
120,Danilo Gallinari,1988-08-08,Italy,208,102,,2008-10-29,1
121,Erick Green,1991-05-09,California,193,83,Virginia Polytechnic Institute and State University,2014-11-07,1
122,Gary Harris,1994-09-14,Indiana,193,95,Michigan State University,2014-11-14,1
123,J.J. Hickson,1988-09-04,Georgia,206,109,North Carolina State University,2008-10-30,1
124,Nikola Jokic,1995-02-19,Serbia,208,113,,2015-10-28,1
125,Joffrey Lauvergne,1991-09-30,France,211,99,,2015-02-22,1
126,Mike Miller,1980-02-19,South Dakota,203,98,University of Florida,2000-10-31,1
127,Emmanuel Mudiay,1996-03-05,Democratic Republic of the Congo,196,90,,2015-10-28,1
128,Jameer Nelson,1982-02-09,Pennsylvania,183,86,Saint Joseph's University,2004-11-03,1
129,Jusuf Nurkic,1994-08-23,Bosnia and Heregovina,213,127,,2014-10-29,1
130,Kostas Papanikolaou,1990-07-31,Greece,203,102,,2014-10-28,2
131,JaKarr Sampson,1993-03-20,Ohio,206,97,St. John's University,2014-10-29,1
132,Axel Toupane,1992-06-23,France,201,89,,2016-03-04,1
133,Joel Anthony,1982-08-09,Canada,206,111,University of Nevada Las Vegas,2007-11-27,2
134,Aron Baynes,1986-12-09,New Zealand,208,117,Washington State University,2013-01-25,1
135,Steve Blake,1980-02-26,Florida,190,78,University of Maryland,2003-10-29,1
136,Reggie Bullock,1991-03-16,Maryland,201,92,University of North Carolina,2013-10-29,1
137,Kentavious Caldwell-Pope,1993-02-18,Georgia,196,92,University of Georgia,2013-10-30,1
138,Spencer Dinwiddie,1993-04-06,California,198,90,University of Colorado,2014-10-29,1
139,Andre Drummond,1993-08-10,New York,211,126,University of Connecticut,2012-10-31,1
140,Justin Harper,1989-08-30,Virginia,208,102,University of Richmond,2011-12-26,1
141,Tobias Harris,1992-07-15,New York,206,106,University of Tennessee,2012-01-07,1
142,Darrun Hilliard,1993-04-13,Pennsylvania,198,92,Villanova University,2015-11-23,2
143,Ersan Ilyasova,1987-05-15,Turkey,208,106,,2006-11-01,1
144,Reggie Jackson,1990-04-16,Italy,190,94,Boston College,2011-12-31,1
145,Brandon Jennings,1989-09-23,California,185,78,,2009-10-30,2
146,Stanley Johnson,1996-05-19,California,201,111,University of Arizona,2015-10-27,1
147,Jodie Meeks,1987-08-21,Georgia,193,95,University of Kentucky,2009-11-03,1
148,Marcus Morris,1989-09-02,Pennsylvania,206,106,University of Kansas,2011-12-26,1
149,Anthony Tolliver,1985-06-01,Missouri,203,108,Creighton University,2008-11-07,1
150,Leandro Barbosa,1982-11-28,Brazil,190,87,,2003-11-12,1
151,Harrison Barnes,1992-05-30,Iowa,203,95,University of North Carolina,2012-10-31,1
152,Andrew Bogut,1984-11-28,Australia,213,117,University of Utah,2005-11-01,1
153,Ian Clark,1991-03-07,Tennessee,190,79,Belmont University,2013-11-01,1
154,Stephen Curry,1988-03-14,Ohio,190,86,Davidson College,2009-10-28,1
155,Festus Ezeli,1989-10-21,Nigeria,211,115,Vanderbilt University,2012-10-31,1
156,Draymond Green,1990-03-04,Michigan,201,104,Michigan State University,2012-10-31,1
157,Andre Iguodala,1984-01-28,Illinois,198,97,University of Arizona,2004-11-03,1
158,Shaun Livingston,1985-11-11,Illinois,201,87,,2004-11-03,1
159,Kevon Looney,1996-02-06,Wisconsin,206,99,University of California Los Angeles,2016-01-27,1
160,James Michael McAdoo,1993-01-04,Virginia,206,104,University of North Carolina,2015-01-19,1
161,Brandon Rush,1985-07-07,Missouri,198,99,University of Kansas,2008-10-29,1
162,Marreese Speights,1987-08-04,Florida,208,115,University of Florida,2008-10-31,1
163,Jason Thompson,1986-07-21,New Jersey,211,113,Rider University,2008-10-29,1
164,Klay Thompson,1990-02-08,California,201,97,Washington State University,2011-12-25,1
165,Trevor Ariza,1985-06-30,Florida,203,97,University of California Los Angeles,2004-11-03,1
166,Michael Beasley,1989-01-09,Maryland,206,106,Kansas State University,2008-10-29,2
167,Patrick Beverley,1988-07-12,Illinois,285,83,University of Arkansas,2013-01-15,1
168,Corey Brewer,1986-03-05,Tennessee,206,84,University of Florida,2007-11-02,1
169,Clint Capela,1994-05-18,Switzerland,208,108,,2014-11-06,1
170,Sam Dekker,1994-05-06,Wisconsin,206,104,University of Wisconsin,2015-10-28,1
171,Andrew Goudelock,1988-12-07,Georgia,190,90,College of Charleston,2011-12-25,1
172,James Harden,1989-08-26,California,196,99,Arizona State University,2009-10-28,2
173,Montrezl Harrell,1994-01-26,North Carolina,203,108,University of Louisville,2015-10-28,1
174,Chuck Hayes,1983-06-11,California,198,108,University of Kentucky,2006-01-18,1
175,Dwight Howard,1985-12-08,Georgia,211,120,,2004-11-03,1
176,Terrence Jones,1992-01-09,Oregon,206,114,University of Kentucky,2012-11-10,2
177,Ty Lawson,1987-11-03,Maryland,180,88,University of North Carolina,2009-10-28,1
178,K.J. McDaniels,1993-02-09,Alabama,198,92,Clemson University,2014-10-29,1
179,Donatas Motiejunas,1990-09-20,Lithuania,213,100,,2012-11-10,2
180,Josh Smith,1985-12-05,Georgia,206,102,,2004-11-03,2
181,Jason Terry,1977-09-15,Washington,188,83,University of Arizona,1999-11-02,1
182,Marcus Thornton,1987-06-05,Louisiana,193,92,Louisiana State University,2009-11-06,1
183,Lavoy Allen,1989-02-04,Pennsylvania,206,117,Temple University,2012-01-07,1
184,Chase Budinger,1988-05-22,California,201,94,University of Arizona,2013-10-29,1
185,Rakeem Christmas,1991-12-01,New Jersey,206,113,Syracuse University,2016-04-13,1
186,Monta Ellis,1985-10-26,Mississippi,190,83,,2005-11-12,1
187,Paul George,1990-05-02,California,206,99,California State University Fresno,2010-10-27,1
188,George Hill,1986-05-02,Indiana,190,85,Indiana University-Purdue University Indianapolis,2008-11-04,1
189,Jordan Hill,1987-07-27,Georgia,208,106,University of Arizona,2009-10-28,1
190,Solomon Hill,1991-03-18,California,201,102,University of Arizona,2013-10-29,1
191,Ian Mahinmi,1986-11-05,France,211,113,,2007-10-30,1
192,C.J. Miles,1987-04-18,Texas,198,102,,2005-11-14,2
193,Glenn Robinson,1994-01-08,Indiana,198,100,University of Michigan,2014-11-14,1
194,Rodney Stuckey,1986-04-21,Washington,196,95,Eastern Washington University,2007-12-21,1
195,Myles Turner,1996-03-24,Texas,211,110,University of Texas at Austin,2015-10-29,1
196,Shayne Whittington,1991-03-27,Michigan,211,113,Western Michigan University,2014-11-08,1
197,Joe Young,1992-06-27,Texas,188,81,University of Oregon,2015-10-28,1
198,Cole Aldrich,1988-10-31,Minnesota,211,113,University of Kansas,2010-10-31,1
199,Jeff Ayres,1987-04-29,California,206,108,Arizona State University,2009-12-22,1
200,Jamal Crawford,1980-02-19,Washington,196,90,University of Michigan,2000-10-31,1
201,Branden Dawson,1993-04-04,Indiana,198,102,Michigan State University,2015-12-28,1
202,Jeff Green,1986-05-02,Maryland,206,106,Georgetown University,2007-10-31,1
203,Blake Griffin,1989-08-26,Oklahoma,208,113,University of Oklahoma,2010-10-31,1
204,Wesley Johnson,1987-07-11,Texas,201,97,Syracuse University,2010-10-27,1
205,DeAndre Jordan,1988-07-21,Texas,211,120,Texas A&M University,2008-11-01,2
206,Luc Mbah a Moute,1986-09-09,Cameroon,203,104,University of California Los Angeles,2008-10-28,1
207,Chris Paul,1985-05-06,North Carolina,183,79,Wake Forest University,2005-11-01,1
208,Paul Pierce,1977-10-13,California,201,106,University of Kansas,1999-02-05,1
209,Pablo Prigioni,1977-05-17,Argentina,190,83,,2012-11-02,1
210,J.J. Redick,1984-06-24,Tennessee,193,86,Duke University,2006-11-25,1
211,Austin Rivers,1992-08-01,California,193,90,Duke University,2012-10-31,1
212,Lance Stephenson,1990-09-05,New York,196,104,University of Cincinnati,2011-02-27,1
213,Alex Stepheson,1987-08-07,California,208,122,University of Southern California,2016-02-20,1
214,C.J. Wilcox,1990-12-30,Utah,196,88,University of Washington,2014-12-03,1
215,Brandon Bass,1985-04-30,Louisiana,206,113,Louisiana State University,2005-11-01,1
216,Tarik Black,1991-11-22,Tennessee,206,113,University of Kansas,2014-10-28,1
217,Anthony Brown,1992-10-10,California,201,95,Stanford University,2015-10-31,1
218,Kobe Bryant,1978-08-23,Pennsylvania,198,96,,1996-11-03,1
219,Jordan Clarkson,1992-06-07,Florida,196,87,University of Missouri,2014-10-28,1
220,Roy Hibbert,1986-12-11,New York,218,122,Georgetown University,2008-10-29,1
221,Marcelo Huertas,1983-05-25,Brazil,190,90,,2015-10-28,1
222,Ryan Kelly,1991-04-09,New York,211,104,Duke University,2013-11-05,1
223,Larry Nance Jr.,1993-01-01,Ohio,206,104,University of Wyoming,2015-11-06,1
224,Julius Randle,1994-11-29,Texas,206,113,University of Kentucky,2014-10-28,2
225,D'Angelo Russell,1996-02-23,Kentucky,196,88,Ohio State University,2015-10-28,2
226,Robert Sacre,1989-06-06,Louisiana,213,122,Gonzaga University,2012-10-31,1
227,Lou Williams,1986-10-27,Tennessee,185,79,,2005-11-02,1
228,Metta World Peace,1979-11-13,New York,198,117,St. John's University,1999-11-03,1
229,Nick Young,1985-06-01,California,201,95,University of Southern California,2007-10-31,1
230,Chris Andersen,1978-07-07,California,208,111,Blinn College,2001-11-23,1
231,Matt Barnes,1980-03-09,California,201,102,University of California Los Angeles,2004-01-19,1
232,Vince Carter,1977-01-26,Florida,198,99,University of North Carolina,1999-02-05,1
233,Mario Chalmers,1986-05-19,Alaska,188,86,University of Kansas,2008-10-29,1
234,Mike Conley,1987-10-11,Arkansas,185,79,Ohio State University,2007-11-07,2
235,Bryce Cotton,1992-08-11,Arizona,185,74,Providence College,2015-02-27,1
236,James Ennis,1990-07-01,California,201,95,California State University Long Beach,2014-10-29,1
237,Jordan Farmar,1986-11-30,California,188,81,University of California Los Angeles,2006-10-31,1
238,Marc Gasol,1985-01-29,Spain,216,115,,2008-10-28,1
239,JaMychal Green,1984-10-10,Alabama,206,102,University of Alabama,2015-01-18,1
240,Ryan Hollins,1994-05-24,California,213,108,University of California Los Angeles,2007-01-18,1
241,Jarell Martin,1991-06-12,Louisiana,208,108,Louisiana State University,2015-12-18,1
242,Ray McCallum,1992-06-01,Wisconsin,190,86,University of Detroit Mercy,2014-12-06,1
243,Xavier Munford,1981-07-16,New Jersey,188,81,University of Rhode Island,2016-03-17,1
244,Zach Randolph,1981-07-16,Indiana,206,117,Michigan State University,2001-10-30,2
245,Russ Smith,1991-04-19,Connecticut,183,74,University of Louisville,2014-11-04,1
246,Jarnell Stokes,1994-01-07,Tennessee,206,119,University of Tennessee,2014-11-17,1
247,Beno Udrih,1982-07-05,Slovenia,190,92,,2004-11-03,2
248,Briante Weber,1992-12-29,Virginia,188,74,Virginia Commonwealth University,2016-03-11,1
249,Elliot Williams,1989-06-20,Tennessee,196,86,University of Memphis,2011-12-27,2
250,Brandan Wright,1987-10-05,Tennessee,208,95,University of North Carolina,2007-11-06,2
251,Chris Bosh,1984-03-24,Texas,211,106,Georgia Institute of Technology,2003-10-29,2
252,Luol Deng,1985-04-16,South Sudan,206,99,Duke University,2004-11-05,1
253,Goran Dragic,1986-05-06,Slovenia,190,86,,2008-10-29,2
254,Gerald Green,1986-01-26,Texas,201,92,,2006-02-03,1
255,Udonis Haslem,1980-06-09,Florida,203,103,University of Florida,2003-10-28,1
256,Tyler Johnson,1992-05-07,North Dakota,193,84,California State University Fresno,2015-01-14,2
257,Josh McRoberts,1987-02-28,Indiana,208,108,Duke University,2007-11-19,2
258,Josh Richardson,1987-02-28,Oklahoma,198,90,University of Tennessee,2015-11-05,1
259,Amar'e Stoudemire,1993-09-15,Florida,208,111,,2002-10-30,1
260,Dwyane Wade,1982-11-16,Illinois,193,99,Marquette University,2003-10-28,1
261,Hassan Whiteside,1982-01-17,North Carolina,213,120,Marshall University,2010-10-27,1
262,Justise Winslow,1996-03-26,Texas,201,102,Duke University,2015-10-28,2
263,Giannis Antetokounmpo,1994-12-06,Greece,211,100,,2013-10-30,1
264,Jerryd Bayless,1988-08-20,Arizona,190,90,University of Arizona,2008-10-28,1
265,Michael Carter-Williams,1991-10-10,Massachusetts,198,86,Syracuse University,2013-10-30,1
266,Chris Copeland,1984-03-17,Virginia,206,108,University of Colorado,2012-03-17,1
267,Tyler Ennis,1994-08-24,Canada,190,87,Syracuse University,2014-10-29,1
268,John Henson,1990-12-28,North Carolina,211,103,University of North Carolina,2012-11-07,1
269,Damien Inglis,1995-05-20,French Guiana,203,111,,2015-10-28,1
270,O.J. Mayo,1987-11-05,West Virginia,196,95,University of Southern California,2008-10-29,1
271,Khris Middleton,1991-08-12,South Carolina,203,106,Texas A&M University,2012-11-10,1
272,Greg Monroe,1990-06-04,Louisiana,211,120,Georgetown University,2010-10-30,2
273,Steve Novak,1983-06-13,Illinois,208,102,Marquette University,2006-11-01,1
274,Johnny O'Bryant,1993-06-01,Mississippi,206,116,Louisiana State University,2014-12-17,1
275,Jabari Parker,1995-03-15,Illinois,203,113,Duke University,2014-10-29,1
276,Miles Plumlee,1988-09-01,Indiana,211,112,Duke University,2012-11-05,1
277,Greivis Vasquez,1987-01-16,Venezuela,198,98,University of Maryland,2010-10-30,1
278,Rashad Vaughn,1996-08-16,Minnesota,198,91,University of Nevada Las Vegas,2015-10-28,1
279,Nemanja Bjelica,1988-05-09,Serbia,208,108,,2015-10-28,1
280,Gorgui Dieng,1990-01-18,Senegal,211,109,University of Louisville,2013-11-01,1
281,Kevin Garnett,1976-05-19,South Carolina,211,108,,1995-11-03,1
282,Tyus Jones,1996-05-10,Minnesota,188,88,Duke University,2015-11-10,1
283,Zach LaVine,1995-03-10,Washington,196,85,University of California Los Angeles,2014-10-30,1
284,Kevin Martin,1983-02-01,Ohio,201,90,Western Carolina University,2004-11-02,1
285,Andre Miller,1976-03-19,California,190,90,University of Utah,1999-11-02,1
286,Shabazz Muhammad,1992-11-13,California,198,101,University of California Los Angeles,2013-11-01,2
287,Adreian Payne,1991-02-19,Ohio,208,107,Michigan State University,2014-12-26,1
288,Nikola Pekovic,1986-01-03,Montenegro,211,139,,2010-10-27,1
289,Tayshaun Prince,1980-02-28,California,206,96,University of Kentucky,2002-10-30,2
290,Ricky Rubio,1990-10-21,Spain,193,87,,2011-12-26,1
291,Damjan Rudez,1986-06-17,Croatia,208,103,,2014-10-29,1
292,Greg Smith,1991-01-08,California,208,113,California State University Fresno,2012-02-19,1
293,Karl-Anthony Towns,1995-11-15,New Jersey,213,110,University of Kentucky,2015-10-28,1
294,Andrew Wiggins,1995-02-23,Canada,203,90,University of Kansas,2014-10-29,1
295,Alexis Ajinca,1988-05-06,France,218,112,,2008-10-30,1
296,Ryan Anderson,1988-05-06,California,208,108,University of California,2008-10-29,1
297,Omer Asik,1986-07-04,Turkey,213,115,,2010-10-27,1
298,Luke Babbitt,1989-06-20,Ohio,206,102,University of Nevada Reno,2010-11-01,1
299,Norris Cole,1988-10-13,Ohio,188,79,Cleveland State University,2011-12-25,1
300,Dante Cunningham,1987-04-22,Maryland,203,104,Villanova University,2009-11-08,1
301,Anthony Davis,1993-03-11,Illinois,208,114,University of Kentucky,2012-10-31,1
302,Bryce Dejean-Jones,1992-08-21,California,198,94,Iowa State University,2016-01-21,1
303,Toney Douglas,1986-03-16,Georgia,188,88,Florida State University,2009-10-28,1
304,Tyreke Evans,1989-09-19,Pennsylvania,198,99,University of Memphis,2009-10-28,1
305,Tim Frazier,1990-11-01,Texas,185,77,Pennsylvania State University,2015-02-06,1
306,Jimmer Fredette,1989-02-25,New York,188,88,Brigham Young University,2011-12-26,1
307,Alonzo Gee,1987-05-29,Florida,198,102,University of Alabama,2010-03-11,1
308,Eric Gordon,1988-12-25,Indiana,193,97,Indiana University,2008-10-29,1
309,Jordan Hamilton,1990-10-06,California,201,99,University of Texas at Austin,2012-01-25,1
310,Jrue Holiday,1990-06-12,California,193,92,University of California Los Angeles,2009-10-30,1
311,Orlando Johnson,1989-03-11,California,196,99,University of California Santa Barbara,2012-11-05,1
312,Kendrick Perkins,1984-11-10,Texas,208,122,,2003-12-26,1
313,Nate Robinson,1984-05-31,Washington,175,81,University of Washington,2005-11-02,1
314,Ish Smith,1988-07-05,North Carolina,183,79,Wake Forest University,2010-10-26,1
315,Arron Afflalo,1985-10-15,California,196,95,University of California Los Angeles,2007-11-01,1
316,Lou Amundson,1982-12-07,California,206,99,University of Nevada Las Vegas,2007-02-24,1
317,Thanasis Antetokounmpo,1992-07-17,Greece,201,92,,2016-01-29,1
318,Jose Calderon,1981-09-28,Spain,190,90,,2005-11-02,1
319,Cleanthony Early,1991-04-17,New York,203,95,Wichita State University,2014-10-29,1
320,Langston Galloway,1991-12-09,Louisiana,188,90,Saint Joseph's University,2015-01-07,1
321,Jerian Grant,1992-10-09,Maryland,193,88,University of Notre Dame,2015-10-28,1
322,Robin Lopez,1988-04-01,California,213,114,Stanford University,2008-10-29,1
323,Kyle O'Quinn,1990-03-26,New York,208,113,Norfolk State University,2012-11-02,1
324,Kristaps Porzingis,1995-08-02,Latvia,221,108,,2015-10-28,1
325,Kevin Seraphin,1989-12-07,French Guiana,206,129,,2010-11-16,1
326,Lance Thomas,1988-04-24,New York,203,106,Duke University,2011-12-28,1
327,Sasha Vujacic,1984-03-08,Slovenia,201,88,,2004-11-03,1
328,Derrick Williams,1991-05-25,California,203,108,University of Arizona,2011-12-26,1
329,Steven Adams,1993-07-20,Massachusetts,213,115,University of Pittsburgh,2013-10-30,1
330,Nick Collison,1980-10-26,Iowa,208,115,University of Kansas,2004-11-03,1
331,Kevin Durant,1988-09-29,District of Columbia,206,108,University of Texas at Austin,2007-10-31,1
332,Josh Huestis,1991-12-19,Texas,201,104,Stanford University,2015-05-24,1
333,Serge Ibaka,1989-09-18,Republic of the Congo,208,106,,2009-10-30,1
334,Enes Kanter,1992-05-20,Switzerland,211,111,,2011-12-27,1
335,Mitch McGary,1992-06-06,Indiana,208,115,University of Michigan,2014-12-14,2
336,Nazr Mohammed,1977-09-05,Illinois,208,100,University of Kentucky,1999-02-05,1
337,Anthony Morrow,1985-09-27,North Carolina,196,95,Georgia Institute of Technology,2008-11-09,1
338,Cameron Payne,1994-08-08,Tennessee,190,83,Murray State University,2015-11-01,2
339,Andre Roberson,1991-12-04,New Mexico,201,95,University of Colorado,2013-11-01,1
340,Kyle Singler,1988-05-04,Oregon,203,103,Duke University,2012-10-31,1
341,Dion Waiters,1991-12-10,Pennsylvania,193,102,Syracuse University,2012-10-30,1
342,Russell Westbrook,1988-11-12,California,190,90,University of California Los Angeles,2008-10-29,1
343,Keith Appling,1992-02-13,Michigan,185,83,Michigan State University,2016-01-18,1
344,Dewayne Dedmon,1989-08-12,California,213,111,University of Southern California,2013-11-18,1
345,Evan Fournier,1992-10-29,France,201,92,,2012-10-31,1
346,Aaron Gordon,1995-09-16,California,206,99,University of Arizona,2014-10-28,1
347,Mario Hezonja,1995-02-25,Croatia,203,97,,2015-10-25,1
348,Devyn Marble,1992-09-21,Michigan,198,90,University of Iowa,2014-10-28,1
349,Shabazz Napier,1991-07-14,Massachusetts,185,79,University of Connecticut,2014-10-29,1
350,Andrew Nicholson,1989-12-08,Canada,206,113,St. Bonaventure University,2012-11-02,1
351,Victor Oladipo,1992-05-04,Maryland,193,95,Indiana University,2013-10-29,1
352,Elfrid Payton,1994-02-22,Louisiana,193,83,University of Louisiana at Lafayette,2014-10-28,1
353,Jason Smith,1986-03-02,Colorado,213,113,Colorado State University,2007-10-31,1
354,Nikola Vucevic,1990-10-24,Switzerland,213,117,University of Southern California,2011-12-28,1
355,C.J. Watson,1984-04-17,Nevada,188,79,University of Tennessee,2008-01-09,1
356,Elton Brand,1979-03-11,New York,203,124,Duke University,1999-11-03,1
357,Isaiah Canaan,1991-05-21,Mississippi,183,91,Murray State University,2013-12-25,1
358,Robert Covington,1990-12-14,Illinois,206,97,Tennessee State University,2014-01-18,1
359,Jerami Grant,1994-03-14,Oregon,203,95,Syracuse University,2014-11-29,1
360,Richaun Holmes,1993-10-15,Illinois,208,111,Bowling Green State University,2015-10-28,1
361,Carl Landry,1983-09-19,Wisconsin,206,112,Purdue University,2007-11-24,1
362,Kendall Marshall,1991-08-19,Virginia,193,90,University of North Carolina,2012-11-04,2
363,T.J. McConnell,1992-03-25,Pennsylvania,188,90,University of Arizona,2015-10-28,1
364,Nerlens Noel,1994-04-10,Massachusetts,211,103,University of Kentucky,2014-10-29,3
365,Jahlil Okafor,1995-12-15,Illinois,211,124,Duke University,2015-10-28,1
366,Phil Pressey,1991-02-17,Texas,180,79,University of Missouri,2013-10-30,1
367,Nik Stauskas,1993-10-07,Canada,198,92,University of Michigan,2014-10-29,1
368,Hollis Thompson,1991-04-03,California,203,93,Georgetown University,2013-11-01,1
369,Sonny Weems,1986-07-08,Arkansas,198,92,University of Arkansas,2009-01-17,1
370,Christian Wood,1995-09-27,California,211,99,University of Nevada Las Vegas,2015-10-28,1
371,Tony Wroten,1993-04-13,Washington,198,92,University of Washington,2012-11-07,2
372,Eric Bledsoe,1989-12-09,Alabama,185,86,University of Kentucky,2010-10-27,1
373,Devin Booker,1996-10-30,Michigan,198,93,University of Kentucky,2015-10-28,1
374,Lorenzo Brown,1990-08-26,Georgia,196,85,North Carolina State University,2013-11-20,1
375,Tyson Chandler,1982-10-02,California,216,108,,2001-10-31,1
376,Archie Goodwin,1994-08-14,Arkansas,196,90,University of Kentucky,2013-10-30,1
377,Cory Jefferson,1990-12-26,Washington,206,98,Baylor University,2014-10-29,1
378,Brandon Knight,1991-12-02,Florida,190,117,University of Kentucky,2011-12-26,1
379,Alex Len,1993-06-16,Ukraine,216,103,University of Maryland,2013-10-30,1
380,Jon Leuer,1989-05-14,Minnesota,208,97,University of Wisconsin,2011-12-26,1
381,Markieff Morris,1989-09-02,Pennsylvania,208,111,University of Kansas,2011-12-26,1
382,Ronnie Price,1983-06-21,Texas,188,86,Utah Valley State College,2005-11-01,1
383,Mirza Teletovic,1985-09-18,Bosnia and Heregovina,206,109,,2012-11-05,1
384,P.J. Tucker,1985-05-05,North Carolina,198,111,University of Texas at Austin,2006-11-06,1
385,T.J. Warren,1993-09-05,North Carolina,203,104,North Carolina State University,2014-11-09,1
386,Alan Williams,1993-01-28,Arizona,203,117,University of California Santa Barbara,2016-03-17,1
387,Cliff Alexander,1995-11-16,Illinois,203,111,University of Kansas,2015-11-15,1
388,Al-Farouq Aminu,1990-09-21,Georgia,206,99,Wake Forest University,2010-10-27,1
389,Pat Connaughton,1993-01-06,Massachusetts,196,93,University of Notre Dame,2015-10-30,1
390,Allen Crabbe,1992-04-09,California,198,95,University of California,2013-11-01,1
391,Ed Davis,1989-05-11,District of Columbia,208,108,University of North Carolina,2010-12-01,2
392,Maurice Harkless,1987-12-09,New York,206,97,St. John's University,2012-11-07,1
393,Gerald Henderson,1989-12-09,New Jersey,196,97,Duke University,2009-10-28,1
394,Chris Kaman,1982-04-28,Michigan,213,120,Central Michigan University,2003-10-30,1
395,Meyers Leonard,1992-02-27,Virginia,216,111,University of Illinois at Urbana-Champaign,2012-10-31,1
396,Damian Lillard,1990-07-15,California,190,88,Weber State University,2012-10-31,1
397,C.J. McCollum,1991-09-19,Ohio,193,90,Lehigh University,2014-01-08,1
398,Luis Montero,1993-04-06,Dominican Republic,201,83,Westchester CC,2015-10-30,1
399,Mason Plumlee,1990-03-05,Indiana,211,111,Duke University,2013-11-03,1
400,Noah Vonleh,1995-08-24,Massachusetts,208,108,Indiana University,2014-11-15,1
401,Quincy Acy,1990-10-06,Texas,201,108,Baylor University,2012-11-07,1
402,James Anderson,1989-03-25,Arkansas,198,96,Oklahoma State University,2010-10-27,1
403,Marco Belinelli,1986-03-25,Italy,196,95,,2007-10-30,1
404,Caron Butler,1980-03-13,Wisconsin,201,103,University of Connecticut,2002-10-30,1
405,Omri Casspi,1988-06-22,Israel,206,102,,2009-10-28,1
406,Willie Cauley-Stein,1993-08-18,Kansas,213,108,University of Kentucky,2015-10-28,1
407,Darren Collison,1987-08-23,California,183,79,University of California Los Angeles,2009-10-28,1
408,DeMarcus Cousins,1990-08-13,Alabama,211,122,University of Kentucky,2010-10-27,1
409,Seth Curry,1990-08-23,North Carolina,188,83,Duke University,2014-01-05,1
410,Duje Dukan,1991-12-04,Croatia,206,99,University of Wisconsin,2016-04-13,1
411,Rudy Gay,1986-08-17,Maryland,203,104,University of Connecticut,2006-11-01,1
412,Kosta Koufos,1989-02-24,Ohio,213,120,Ohio State University,2008-11-01,1
413,Ben McLemore,1993-02-11,Missouri,196,88,University of Kansas,2013-10-30,1
414,Eric Moreland,1991-12-24,Texas,208,107,Oregon State University,2014-11-26,1
415,Rajon Rondo,1986-02-22,Kentucky,185,84,University of Kentucky,2006-11-01,1
416,LaMarcus Aldridge,1985-07-19,Texas,211,117,University of Texas at Austin,2006-11-12,1
417,Kyle Anderson,1993-09-20,New York,206,104,University of California Los Angeles,2014-11-06,1
418,Matt Bonner,1980-04-05,New Hampshire,208,106,University of Florida,2004-11-03,1
419,Rasual Butler,1979-05-23,Pennsylvania,201,97,La Salle University,2002-10-30,1
420,Boris Diaw,1982-04-16,France,203,113,,2003-10-29,1
421,Tim Duncan,1976-04-26,U.S. Virgin Islands,211,113,Wake Forest University,1997-10-31,1
422,Manu Ginobili,1977-07-28,Argentina,198,92,,2002-10-29,2
423,Danny Green,1987-06-22,New York,198,97,University of North Carolina,2009-11-12,1
424,Kawhi Leonard,1991-06-29,California,201,104,San Diego State University,2011-12-26,1
425,Boban Marjanovic,1988-08-15,Serbia,221,131,,2015-10-30,1
426,Patrick Mills,1988-08-11,Australia,183,83,Saint Mary's College of California,2010-01-04,1
427,Tony Parker,1982-05-17,Belgium,188,83,,2001-10-30,1
428,Jonathon Simmons,1989-09-14,Texas,198,88,University of Houston,2015-11-14,1
429,David West,1980-08-29,New Jersey,206,113,Xavier University,2003-10-29,1
430,Anthony Bennett,1993-03-14,Canada,203,111,University of Nevada Las Vegas,2013-10-30,1
431,Bismack Biyombo,1992-08-18,Democratic Republic of the Congo,206,115,,2011-12-26,1
432,Bruno Caboclo,1995-09-21,Brazil,206,98,,2014-11-21,1
433,DeMarre Carroll,1986-07-27,Alabama,203,97,University of Missouri,2009-10-28,1
434,James Johnson,1987-02-20,Wyoming,206,113,Wake Forest University,2009-10-30,1
435,Cory Joseph,1991-08-20,Canada,190,87,University of Texas at Austin,2011-12-26,1
436,Kyle Lowry,1986-03-15,Pennsylvania,185,88,Villanova University,2006-11-01,1
437,Lucas Nogueira,1992-03-25,Brazil,213,109,,2014-11-21,1
438,Patrick Patterson,1989-03-14,District of Columbia,206,104,University of Kentucky,2010-12-15,1
439,Norman Powell,1993-05-25,California,193,97,University of California Los Angeles,2015-11-01,1
440,Terrence Ross,1991-02-05,Oregon,201,93,University of Washington,2012-10-31,1
441,Luis Scola,1980-04-30,Argentina,206,108,,2007-10-30,1
442,Jonas Valanciunas,1992-05-06,Lithuania,213,120,,2012-10-31,1
443,Delon Wright,1992-04-26,California,196,83,University of Utah,2015-11-01,1
444,Trevor Booker,1987-11-25,South Carolina,203,103,Clemson University,2010-10-28,2
445,Trey Burke,1992-11-12,Ohio,185,86,University of Michigan,2013-11-20,1
446,Alec Burks,1991-07-20,Missouri,198,97,University of Colorado,2011-12-27,1
447,Derrick Favors,1991-07-15,Georgia,208,120,Georgia Institute of Technology,2010-10-27,1
448,Rudy Gobert,1992-06-26,France,216,111,,2013-10-30,1
449,Gordon Hayward,1990-03-13,Indiana,203,102,Butler University,2010-10-27,1
450,Rodney Hood,1992-10-20,Mississippi,203,93,Duke University,2014-10-29,2
451,Joe Ingles,1987-10-02,Australia,203,102,,2014-10-29,2
452,Chris Johnson,1990-04-29,Florida,198,93,University of Dayton,2013-01-23,2
453,Trey Lyles,1995-11-05,Canada,208,106,University of Kentucky,2015-10-28,1
454,Elijah Millsap,1987-08-12,Louisiana,198,102,University of Alabama at Birmingham,2015-01-05,1
455,Raul Neto,1992-05-19,Brazil,185,81,,2015-10-28,1
456,J.J. O'Brien,1992-04-08,California,201,103,San Diego State University,2016-01-16,1
457,Tibor Pleiss,1989-11-02,Germany,221,116,,2015-10-30,1
458,Jeff Withey,1990-03-07,California,213,104,University of Kansas,2013-11-01,1
459,Alan Anderson,1982-10-16,Minnesota,198,99,Michigan State University,2005-11-11,1
460,Bradley Beal,1993-06-28,Missouri,196,93,University of Florida,2012-10-30,1
461,DeJuan Blair,1989-04-22,Pennsylvania,201,122,University of Pittsburgh,2009-10-28,1
462,Jared Dudley,1985-07-10,California,201,102,Boston College,2007-11-02,1
463,Jarell Eddie,1991-10-30,Florida,201,98,Virginia Polytechnic Institute and State University,2015-12-26,1
464,Drew Gooden,1981-11-24,California,208,113,University of Kansas,2002-10-30,1
465,Marcin Gortat,1984-02-17,Poland,211,108,,2008-03-01,1
466,Nene Hilario,1982-09-13,Brazil,211,113,,2002-10-30,1
467,Gary Neal,1984-10-03,Maryland,193,95,Towson University,2010-10-27,1
468,Kelly Oubre,1995-12-09,Louisiana,201,92,University of Kansas,2015-10-30,2
469,Otto Porter,1993-06-03,Missouri,203,89,Georgetown University,2013-12-06,1
470,Ramon Sessions,1986-04-11,South Carolina,190,96,University of Nevada Reno,2008-03-09,1
471,Garrett Temple,1986-05-08,Louisiana,198,88,Louisiana State University,2010-02-09,1
472,John Wall,1990-09-06,North Carolina,193,88,University of Kentucky,2010-10-28,1